filename,bpm,danceability,pitch_salience,mfcc1,label
blues.00084.au,111.53772735595703,1.2140425443649292,0.4444049000740051,-38.965938568115234,blues
blues.00046.au,122.50199127197266,1.3929352760314941,0.31825631856918335,-182.63827514648438,blues
blues.00021.au,100.19093322753906,0.9957394599914551,0.4019416570663452,-264.6983947753906,blues
blues.00094.au,102.48989868164062,1.2800813913345337,0.19662748277187347,-206.2784423828125,blues
blues.00030.au,109.2187728881836,1.1820086240768433,0.2858535945415497,-206.9875946044922,blues
blues.00061.au,132.0421142578125,1.5649099349975586,0.38997751474380493,-82.45470428466797,blues
blues.00035.au,129.58619689941406,1.064454436302185,0.3345766067504883,-171.7860565185547,blues
blues.00066.au,82.08606719970703,1.2210131883621216,0.5281766057014465,-116.51740264892578,blues
blues.00042.au,178.2058563232422,1.3518060445785522,0.30060073733329773,-159.54498291015625,blues
blues.00068.au,162.49810791015625,1.1890250444412231,0.4517589509487152,-113.16776275634766,blues
blues.00079.au,161.8802032470703,1.2469967603683472,0.4163461923599243,-3.528043746948242,blues
blues.00005.au,68.3022689819336,0.9486299157142639,0.5761659741401672,-177.86904907226562,blues
blues.00052.au,99.99988555908203,1.1485645771026611,0.3229855000972748,-225.2697296142578,blues
blues.00001.au,67.7709732055664,1.0984419584274292,0.47987788915634155,-207.55679321289062,blues
blues.00033.au,152.66461181640625,1.0667798519134521,0.3238043189048767,-239.0109100341797,blues
blues.00012.au,92.92263793945312,1.0510200262069702,0.33320188522338867,-207.2080841064453,blues
blues.00095.au,136.2334747314453,1.3049345016479492,0.38535812497138977,-130.553955078125,blues
blues.00047.au,151.85125732421875,1.36663818359375,0.37773391604423523,-149.95169067382812,blues
blues.00053.au,100.84629821777344,1.1469688415527344,0.5350279211997986,-76.71795654296875,blues
blues.00016.au,99.6443099975586,0.9910404086112976,0.5554230213165283,-233.7635955810547,blues
blues.00032.au,128.3804473876953,0.9660013318061829,0.2652279734611511,-288.8017272949219,blues
blues.00081.au,102.75589752197266,1.1189464330673218,0.5227975845336914,-26.929784774780273,blues
blues.00044.au,101.69855499267578,1.509445309638977,0.3578178286552429,-109.50928497314453,blues
blues.00025.au,198.76809692382812,1.002702236175537,0.49330568313598633,-249.281982421875,blues
blues.00070.au,147.2977752685547,1.0675612688064575,0.6183400750160217,-133.0159912109375,blues
blues.00089.au,104.66192626953125,1.0479217767715454,0.18447963893413544,-347.0169372558594,blues
blues.00071.au,145.32154846191406,1.3559931516647339,0.4661852717399597,-89.35790252685547,blues
blues.00000.au,123.52613830566406,1.2262216806411743,0.5759864449501038,-113.59674835205078,blues
blues.00082.au,125.34772491455078,1.173302412033081,0.5900119543075562,-29.362092971801758,blues
blues.00063.au,91.11669921875,0.9351209402084351,0.6044456362724304,-129.0862579345703,blues
blues.00013.au,106.31669616699219,1.0682026147842407,0.32994192838668823,-209.7892608642578,blues
blues.00034.au,93.20735931396484,0.9514031410217285,0.35518497228622437,-217.21119689941406,blues
blues.00064.au,154.8439483642578,1.2983990907669067,0.49622461199760437,-85.1502456665039,blues
blues.00096.au,123.04686737060547,0.8519482016563416,0.389703631401062,-314.5827941894531,blues
blues.00037.au,74.45284271240234,1.2156826257705688,0.21452118456363678,-328.6737976074219,blues
blues.00040.au,172.26556396484375,1.5439754724502563,0.43796223402023315,-110.26008605957031,blues
blues.00010.au,162.8317413330078,0.8296350836753845,0.497796893119812,-173.70750427246094,blues
blues.00029.au,129.31369018554688,0.9566055536270142,0.3936749994754791,-233.724609375,blues
blues.00028.au,103.9956283569336,1.0321263074874878,0.5044491291046143,-248.96766662597656,blues
blues.00048.au,120.72949981689453,1.2063720226287842,0.5011551976203918,-106.31102752685547,blues
blues.00080.au,117.52366638183594,1.0343084335327148,0.5245580077171326,-54.72768783569336,blues
blues.00038.au,129.46258544921875,1.0123980045318604,0.27785301208496094,-192.66717529296875,blues
blues.00027.au,95.20781707763672,0.9787706732749939,0.4970337748527527,-228.22799682617188,blues
blues.00009.au,83.15204620361328,0.8311157822608948,0.5821300148963928,-213.18080139160156,blues
blues.00088.au,172.26559448242188,1.2551966905593872,0.2836728096008301,-194.25453186035156,blues
blues.00060.au,148.78489685058594,1.215336561203003,0.43537989258766174,-67.77098083496094,blues
blues.00098.au,125.4426040649414,0.9717848300933838,0.4990501403808594,-90.677490234375,blues
blues.00031.au,111.22496032714844,0.9305835962295532,0.3477150797843933,-221.8025360107422,blues
blues.00073.au,97.255126953125,0.992144763469696,0.5503401756286621,-30.09457015991211,blues
blues.00008.au,83.90977478027344,1.0856624841690063,0.3654601275920868,-121.36102294921875,blues
blues.00014.au,83.02958679199219,0.8997834324836731,0.49848347902297974,-305.7051696777344,blues
blues.00056.au,163.1566162109375,1.102683663368225,0.3474506735801697,-145.4345703125,blues
blues.00058.au,106.1442642211914,1.1545960903167725,0.5156002044677734,-95.43602752685547,blues
blues.00045.au,131.80569458007812,1.9151207208633423,0.2019319385290146,-163.2111358642578,blues
blues.00078.au,118.4178466796875,1.4278477430343628,0.512173593044281,-2.524338483810425,blues
blues.00036.au,117.13260650634766,1.1082589626312256,0.36739209294319153,-200.22073364257812,blues
blues.00050.au,135.5841064453125,1.199184775352478,0.44703570008277893,-82.97901916503906,blues
blues.00022.au,98.26067352294922,0.9953254461288452,0.4564517140388489,-233.86077880859375,blues
blues.00020.au,136.62818908691406,1.0750709772109985,0.38950255513191223,-230.41299438476562,blues
blues.00069.au,78.9788818359375,1.0165915489196777,0.5216277241706848,-121.4088363647461,blues
blues.00051.au,98.6219253540039,1.3531473875045776,0.49245473742485046,-55.57923889160156,blues
blues.00015.au,99.60589599609375,1.051995873451233,0.5247394442558289,-238.5189666748047,blues
blues.00049.au,123.14424896240234,1.1457648277282715,0.26749345660209656,-255.9657745361328,blues
blues.00054.au,90.22980499267578,1.3236111402511597,0.44985896348953247,-57.97878646850586,blues
blues.00055.au,132.25198364257812,1.1930291652679443,0.43691280484199524,-98.67474365234375,blues
blues.00075.au,117.72245788574219,1.2104243040084839,0.4802776575088501,-86.35233306884766,blues
blues.00087.au,87.1218490600586,1.2863333225250244,0.40838325023651123,-155.5049285888672,blues
blues.00057.au,92.79932403564453,1.2401214838027954,0.44423845410346985,-92.74797821044922,blues
blues.00077.au,147.64935302734375,1.1509665250778198,0.5511232614517212,-29.010986328125,blues
blues.00076.au,115.74465942382812,0.9570063948631287,0.3506537973880768,-52.69306182861328,blues
blues.00067.au,80.95279693603516,1.278939127922058,0.5628772974014282,-95.42442321777344,blues
blues.00090.au,142.3373565673828,1.1950615644454956,0.3600190281867981,-177.49075317382812,blues
blues.00006.au,72.43838500976562,0.9672603607177734,0.5618788599967957,-190.14947509765625,blues
blues.00086.au,122.77200317382812,1.0949573516845703,0.31691280007362366,-212.79037475585938,blues
blues.00065.au,107.96898651123047,1.0127562284469604,0.6289516687393188,-118.33350372314453,blues
blues.00099.au,91.24227905273438,0.7681467533111572,0.5484750270843506,-177.16586303710938,blues
blues.00059.au,107.86569213867188,1.4175753593444824,0.41965147852897644,-86.22530364990234,blues
blues.00002.au,156.10256958007812,1.2782671451568604,0.5494115948677063,-90.75438690185547,blues
blues.00041.au,128.51490783691406,1.236031413078308,0.4154009521007538,-107.1615219116211,blues
blues.00091.au,125.16609191894531,1.122981071472168,0.2559157907962799,-236.36099243164062,blues
blues.00019.au,123.3526840209961,1.1252614259719849,0.4802643954753876,-236.66534423828125,blues
blues.00085.au,143.72097778320312,0.9798234105110168,0.37531277537345886,-180.12359619140625,blues
blues.00039.au,114.11790466308594,0.9276586174964905,0.3314570486545563,-301.686279296875,blues
blues.00074.au,110.39694213867188,1.0997568368911743,0.5305324196815491,-56.00445556640625,blues
blues.00026.au,82.07135009765625,1.0058562755584717,0.47014889121055603,-284.81951904296875,blues
blues.00018.au,82.39518737792969,0.9489915370941162,0.40738266706466675,-252.5339813232422,blues
blues.00043.au,129.58889770507812,1.1401853561401367,0.4554384648799896,-109.16535949707031,blues
blues.00011.au,111.27014923095703,0.8929920196533203,0.2766767144203186,-287.9149475097656,blues
blues.00083.au,133.07261657714844,1.2956520318984985,0.3594561815261841,-19.867149353027344,blues
blues.00004.au,134.966796875,1.0133692026138306,0.616258978843689,-160.2660369873047,blues
blues.00017.au,164.83322143554688,1.2033357620239258,0.3939706087112427,-245.75643920898438,blues
blues.00062.au,111.95380401611328,1.0874217748641968,0.4791976809501648,-144.96792602539062,blues
blues.00072.au,102.84686279296875,1.068524956703186,0.4034263789653778,-118.66523742675781,blues
blues.00092.au,80.99015045166016,1.023233413696289,0.23141111433506012,-332.4823303222656,blues
blues.00024.au,104.36063385009766,1.1091785430908203,0.48210233449935913,-274.28875732421875,blues
blues.00097.au,117.5994644165039,1.2019217014312744,0.3610348105430603,-148.63917541503906,blues
blues.00007.au,92.88081359863281,0.9500888586044312,0.49146634340286255,-179.3954315185547,blues
blues.00093.au,110.71770477294922,0.8639104962348938,0.19637933373451233,-350.4361877441406,blues
blues.00023.au,98.69546508789062,0.9361358880996704,0.5065694451332092,-227.26478576660156,blues
blues.00003.au,62.836997985839844,1.0968228578567505,0.2230760008096695,-199.43115234375,blues
classical.00081.au,144.80288696289062,0.8708527684211731,0.42103224992752075,-374.7410888671875,classical
classical.00009.au,151.78704833984375,0.7212780714035034,0.3043621778488159,-356.1422119140625,classical
classical.00096.au,132.99147033691406,0.9408258199691772,0.4374561607837677,-203.58717346191406,classical
classical.00080.au,125.88911437988281,0.7644336223602295,0.2772633731365204,-549.7890014648438,classical
classical.00054.au,93.60037231445312,0.9586408734321594,0.539195716381073,-106.1917953491211,classical
classical.00079.au,104.22002410888672,0.9041816592216492,0.3310977518558502,-437.5572814941406,classical
classical.00041.au,123.94598388671875,0.7371586561203003,0.25807639956474304,-368.4408874511719,classical
classical.00024.au,151.921630859375,1.1021853685379028,0.48118695616722107,-223.1329345703125,classical
classical.00049.au,146.99716186523438,0.8984634280204773,0.5066896677017212,-98.32328796386719,classical
classical.00070.au,162.82913208007812,0.8437101244926453,0.40409889817237854,-321.18353271484375,classical
classical.00014.au,146.77606201171875,0.9128831028938293,0.47928333282470703,-324.59613037109375,classical
classical.00055.au,84.4893798828125,0.6955157518386841,0.17596694827079773,-484.02801513671875,classical
classical.00034.au,122.87112426757812,0.8149524331092834,0.3094460666179657,-309.22637939453125,classical
classical.00002.au,99.08969116210938,1.0713660717010498,0.4158186912536621,-235.25579833984375,classical
classical.00008.au,136.5746612548828,0.8597241640090942,0.44203096628189087,-292.1282958984375,classical
classical.00018.au,79.61998748779297,0.8471091985702515,0.33358991146087646,-405.6737976074219,classical
classical.00084.au,104.77398681640625,1.0734370946884155,0.4919528365135193,-369.1842041015625,classical
classical.00069.au,102.73674011230469,0.913913369178772,0.321776419878006,-321.19683837890625,classical
classical.00091.au,94.19378662109375,0.978571355342865,0.3959658443927765,-251.31344604492188,classical
classical.00089.au,97.46892547607422,0.9889631271362305,0.3785780966281891,-301.9122009277344,classical
classical.00090.au,92.03180694580078,0.8926858305931091,0.42343568801879883,-326.2809143066406,classical
classical.00088.au,104.76338958740234,1.0463199615478516,0.438312828540802,-299.7755432128906,classical
classical.00043.au,117.32508087158203,0.8688693642616272,0.3090197741985321,-249.5338134765625,classical
classical.00082.au,108.05294799804688,0.8829367160797119,0.4567488133907318,-264.036865234375,classical
classical.00051.au,136.94375610351562,0.8741142749786377,0.48159268498420715,-230.2445526123047,classical
classical.00083.au,117.1927719116211,0.7941539883613586,0.2608352601528168,-338.8257141113281,classical
classical.00085.au,108.18042755126953,0.9183230400085449,0.5496790409088135,-246.1896209716797,classical
classical.00073.au,128.81759643554688,0.921228289604187,0.3995061218738556,-306.75274658203125,classical
classical.00076.au,172.26556396484375,0.9186133146286011,0.36958280205726624,-238.58221435546875,classical
classical.00022.au,109.27476501464844,0.8899245858192444,0.45639950037002563,-278.74969482421875,classical
classical.00032.au,143.87245178222656,0.7136709094047546,0.228263258934021,-498.5840759277344,classical
classical.00016.au,99.62828063964844,0.9593694806098938,0.3537577688694,-482.6776428222656,classical
classical.00087.au,101.68350219726562,0.76677405834198,0.3330616056919098,-393.00836181640625,classical
classical.00075.au,116.58958435058594,0.8176681399345398,0.303605854511261,-412.93780517578125,classical
classical.00044.au,104.50870513916016,0.9959249496459961,0.39862245321273804,-402.2155456542969,classical
classical.00062.au,123.84192657470703,0.8241479396820068,0.5175431966781616,-305.3965148925781,classical
classical.00006.au,97.46961212158203,0.7635006904602051,0.35939735174179077,-295.702880859375,classical
classical.00074.au,163.08055114746094,0.8727719187736511,0.4253843128681183,-289.798583984375,classical
classical.00013.au,125.28797149658203,0.829328179359436,0.43195298314094543,-343.1103515625,classical
classical.00099.au,83.94610595703125,0.9823664426803589,0.27276015281677246,-378.7244567871094,classical
classical.00077.au,143.60789489746094,0.7697750329971313,0.2685997784137726,-477.96844482421875,classical
classical.00057.au,162.85801696777344,0.8761732578277588,0.47131726145744324,-367.16717529296875,classical
classical.00071.au,139.87899780273438,0.8209620118141174,0.395515501499176,-269.66534423828125,classical
classical.00005.au,142.8924102783203,0.8733848929405212,0.4822683036327362,-264.2473449707031,classical
classical.00028.au,162.38575744628906,0.9581251740455627,0.4708506166934967,-228.91712951660156,classical
classical.00026.au,152.2825164794922,0.9396352767944336,0.46965476870536804,-319.33099365234375,classical
classical.00025.au,131.9460906982422,1.1436926126480103,0.48428356647491455,-221.2628936767578,classical
classical.00040.au,102.71034240722656,0.868005633354187,0.3665238320827484,-358.6339111328125,classical
classical.00086.au,100.20319366455078,0.9337606430053711,0.5298296213150024,-283.4252014160156,classical
classical.00000.au,93.47913360595703,0.9183965921401978,0.41621360182762146,-268.15594482421875,classical
classical.00068.au,165.40634155273438,0.8759056329727173,0.36413970589637756,-234.39768981933594,classical
classical.00067.au,152.3363494873047,0.9368664026260376,0.3694485127925873,-413.57598876953125,classical
classical.00066.au,138.97235107421875,0.8822129368782043,0.30708253383636475,-429.3462219238281,classical
classical.00019.au,178.2056884765625,0.7266759276390076,0.3853055238723755,-475.84906005859375,classical
classical.00017.au,172.26560974121094,0.8891212940216064,0.5132437944412231,-311.53936767578125,classical
classical.00010.au,104.71451568603516,0.8326177597045898,0.4439822733402252,-315.01275634765625,classical
classical.00037.au,162.0474090576172,0.9204066395759583,0.4727568030357361,-275.34625244140625,classical
classical.00035.au,152.12860107421875,1.0505989789962769,0.39536452293395996,-319.7755432128906,classical
classical.00033.au,162.4758758544922,0.826765775680542,0.3297281563282013,-429.0843200683594,classical
classical.00047.au,139.72584533691406,0.8019863367080688,0.3273169994354248,-436.8371276855469,classical
classical.00042.au,94.86717224121094,0.9432491660118103,0.4358663558959961,-160.3159637451172,classical
classical.00094.au,86.1620864868164,0.7670314908027649,0.325765997171402,-385.7576599121094,classical
classical.00072.au,117.85678100585938,0.7726253271102905,0.37700507044792175,-360.82177734375,classical
classical.00020.au,140.02159118652344,0.9399296641349792,0.45211872458457947,-300.93768310546875,classical
classical.00061.au,154.79554748535156,0.8839862942695618,0.4112146496772766,-274.4268493652344,classical
classical.00095.au,164.62481689453125,0.7257871627807617,0.46737608313560486,-422.60546875,classical
classical.00027.au,148.4019775390625,0.8475737571716309,0.30234086513519287,-366.22021484375,classical
classical.00050.au,80.59526824951172,0.8539397716522217,0.28778767585754395,-449.5955810546875,classical
classical.00001.au,108.0682144165039,0.90682053565979,0.3862992227077484,-324.05877685546875,classical
classical.00078.au,135.14083862304688,0.9395605325698853,0.33667346835136414,-552.0640258789062,classical
classical.00097.au,104.09040069580078,1.1340397596359253,0.3866678774356842,-280.6950378417969,classical
classical.00060.au,120.59848022460938,1.0839065313339233,0.5501708388328552,-166.406494140625,classical
classical.00036.au,172.26564025878906,0.7879602909088135,0.2679639160633087,-419.2289123535156,classical
classical.00048.au,131.97927856445312,0.949154257774353,0.46531420946121216,-123.81388092041016,classical
classical.00011.au,152.67982482910156,0.8714262843132019,0.32178056240081787,-385.2468566894531,classical
classical.00003.au,139.98464965820312,0.7820348739624023,0.3486553728580475,-326.8648376464844,classical
classical.00046.au,129.22618103027344,1.3547708988189697,0.5321134924888611,-85.24345397949219,classical
classical.00023.au,92.48375701904297,0.8279180526733398,0.32378533482551575,-406.9177551269531,classical
classical.00015.au,142.78851318359375,0.7967149615287781,0.3090816140174866,-449.537109375,classical
classical.00004.au,163.23553466796875,1.0100754499435425,0.4545353949069977,-259.90997314453125,classical
classical.00065.au,124.22826385498047,0.9684297442436218,0.3322005569934845,-421.72125244140625,classical
classical.00098.au,96.55300903320312,1.044810175895691,0.4162641763687134,-287.49530029296875,classical
classical.00031.au,111.03662872314453,1.0815924406051636,0.44157740473747253,-374.03240966796875,classical
classical.00063.au,93.8028564453125,0.8890979290008545,0.25786545872688293,-465.8814392089844,classical
classical.00007.au,106.9094467163086,0.8043375611305237,0.43288758397102356,-286.83843994140625,classical
classical.00058.au,99.5709228515625,0.8275586366653442,0.2534186542034149,-349.9776611328125,classical
classical.00064.au,172.26559448242188,0.927929699420929,0.4412262439727783,-498.7295227050781,classical
classical.00045.au,191.40623474121094,1.084701418876648,0.35736608505249023,-170.87168884277344,classical
classical.00059.au,116.90900421142578,0.9794875979423523,0.5268912315368652,-197.13153076171875,classical
classical.00092.au,94.2762451171875,0.9992103576660156,0.2934436500072479,-299.67181396484375,classical
classical.00021.au,135.39120483398438,0.8779445886611938,0.5053665041923523,-278.2118835449219,classical
classical.00030.au,117.32137298583984,0.8744591474533081,0.3668972849845886,-315.649658203125,classical
classical.00093.au,138.67169189453125,1.0996330976486206,0.3252241313457489,-207.3462677001953,classical
classical.00052.au,155.13946533203125,0.9240041971206665,0.4232332408428192,-186.39886474609375,classical
classical.00053.au,106.92179870605469,0.9877381324768066,0.4329372048377991,-119.29034423828125,classical
classical.00012.au,89.85828399658203,0.7436904907226562,0.32283398509025574,-362.706787109375,classical
classical.00056.au,92.28884887695312,0.8214368224143982,0.37775948643684387,-81.1037368774414,classical
classical.00038.au,136.2819366455078,0.9076853394508362,0.3998117446899414,-276.0433349609375,classical
classical.00039.au,83.87388610839844,0.8601164221763611,0.4492844343185425,-409.5301513671875,classical
classical.00029.au,136.4048614501953,0.8417433500289917,0.49162259697914124,-297.2197265625,classical
country.00066.au,109.9754409790039,1.2653045654296875,0.48641905188560486,-102.48313903808594,country
country.00024.au,128.967529296875,0.9134217500686646,0.5546456575393677,-199.9696502685547,country
country.00079.au,81.89319610595703,0.8837447166442871,0.423357218503952,-229.12631225585938,country
country.00090.au,135.74778747558594,1.08473801612854,0.4665510952472687,-91.66023254394531,country
country.00014.au,136.34413146972656,1.2011891603469849,0.48995888233184814,-124.61355590820312,country
country.00073.au,151.12110900878906,0.9513164758682251,0.4382688105106354,-166.9887237548828,country
country.00082.au,117.08518981933594,1.2066174745559692,0.5793198943138123,-68.5972671508789,country
country.00004.au,117.78062438964844,1.405483365058899,0.33807313442230225,-20.74787139892578,country
country.00096.au,115.19039916992188,1.0005203485488892,0.5052571296691895,-69.85574340820312,country
country.00022.au,91.84172821044922,1.0502960681915283,0.5081969499588013,-195.13902282714844,country
country.00056.au,81.84353637695312,0.7948755621910095,0.3502938449382782,-164.7674102783203,country
country.00080.au,97.60648345947266,1.0847276449203491,0.4716106355190277,-100.9316177368164,country
country.00016.au,106.71569061279297,1.199439525604248,0.5001664757728577,-210.14212036132812,country
country.00055.au,130.3623809814453,0.9508946537971497,0.48967042565345764,-82.93658447265625,country
country.00038.au,155.2616729736328,1.0941706895828247,0.45211344957351685,-118.01390838623047,country
country.00047.au,150.42193603515625,1.0567022562026978,0.48133930563926697,-165.48680114746094,country
country.00084.au,86.67057037353516,1.1145167350769043,0.5668357610702515,-80.21145629882812,country
country.00072.au,148.69293212890625,1.021228551864624,0.5366297960281372,-96.26155853271484,country
country.00000.au,84.7353286743164,1.3028485774993896,0.3143962323665619,-23.153112411499023,country
country.00006.au,111.26536560058594,1.3569730520248413,0.38934755325317383,-23.121366500854492,country
country.00099.au,146.55226135253906,1.1636226177215576,0.49905574321746826,-42.13331604003906,country
country.00087.au,144.71438598632812,0.8650550246238708,0.5321627259254456,-170.87100219726562,country
country.00036.au,112.27149963378906,0.8405337333679199,0.435979962348938,-339.79400634765625,country
country.00011.au,113.118408203125,0.8360469341278076,0.47420477867126465,-199.07342529296875,country
country.00032.au,98.1231689453125,0.8278248310089111,0.3706105947494507,-237.97085571289062,country
country.00018.au,85.96880340576172,1.121616244316101,0.4360760748386383,-131.1165771484375,country
country.00098.au,118.07157897949219,1.0274266004562378,0.42820894718170166,-139.6155242919922,country
country.00026.au,107.8658218383789,0.9817777872085571,0.4286208748817444,-194.33961486816406,country
country.00027.au,92.83514404296875,1.0704760551452637,0.5362237095832825,-100.70606231689453,country
country.00085.au,145.99185180664062,0.9086940288543701,0.4607328176498413,-146.01797485351562,country
country.00015.au,148.51197814941406,0.8893459439277649,0.5004085302352905,-116.1586685180664,country
country.00095.au,89.9315414428711,0.885763943195343,0.42398354411125183,-124.81066131591797,country
country.00074.au,135.5209197998047,0.844548761844635,0.5106657147407532,-207.25599670410156,country
country.00043.au,137.01553344726562,0.9498355984687805,0.5818637013435364,-101.16974639892578,country
country.00065.au,123.17070770263672,0.8191488981246948,0.47803035378456116,-250.85995483398438,country
country.00035.au,98.9827651977539,1.211368441581726,0.4724949300289154,-120.36168670654297,country
country.00023.au,82.46664428710938,0.8851466178894043,0.321697473526001,-353.22906494140625,country
country.00045.au,155.78018188476562,1.1563252210617065,0.5963971614837646,-61.23069763183594,country
country.00075.au,95.99678802490234,1.191894769668579,0.45338574051856995,-60.82015609741211,country
country.00008.au,132.32916259765625,1.339248538017273,0.32603538036346436,-19.693967819213867,country
country.00010.au,79.25379180908203,0.894523024559021,0.5257744193077087,-197.70948791503906,country
country.00054.au,75.5188980102539,0.8742585778236389,0.3575894236564636,-174.98800659179688,country
country.00029.au,89.9929428100586,0.9667853713035583,0.5745686888694763,-171.2602081298828,country
country.00042.au,102.47894287109375,1.4220649003982544,0.3958049416542053,-101.26522827148438,country
country.00013.au,127.10840606689453,1.138303518295288,0.5567498803138733,-126.1600341796875,country
country.00020.au,103.3211441040039,0.9870898127555847,0.3717157244682312,-161.21339416503906,country
country.00039.au,122.88404846191406,1.5422394275665283,0.4895201623439789,-89.7073974609375,country
country.00028.au,89.95329284667969,0.9949222207069397,0.5009400248527527,-169.1715087890625,country
country.00058.au,113.50498962402344,0.9177351593971252,0.47074609994888306,-101.38074493408203,country
country.00078.au,133.17208862304688,0.905513346195221,0.4461115002632141,-302.5628967285156,country
country.00031.au,110.56393432617188,0.984875500202179,0.476908802986145,-130.4817657470703,country
country.00092.au,164.17068481445312,1.323147177696228,0.48328569531440735,-50.751365661621094,country
country.00034.au,136.03216552734375,1.1782240867614746,0.5018372535705566,-153.84454345703125,country
country.00003.au,162.10009765625,1.1589463949203491,0.4095825254917145,-57.736473083496094,country
country.00033.au,90.7972640991211,1.0184801816940308,0.5408536791801453,-133.30862426757812,country
country.00041.au,130.5467987060547,1.1638871431350708,0.38982585072517395,-111.67454528808594,country
country.00009.au,96.47563934326172,1.5370758771896362,0.43756547570228577,12.194374084472656,country
country.00060.au,70.04901123046875,0.8719559907913208,0.26994138956069946,-178.48715209960938,country
country.00094.au,113.9040756225586,1.053135633468628,0.43508678674697876,-104.34504699707031,country
country.00086.au,118.02986907958984,1.054642915725708,0.5159329175949097,-122.424560546875,country
country.00069.au,74.67593383789062,0.9583864212036133,0.41449210047721863,-217.14195251464844,country
country.00064.au,132.6232147216797,0.8177995085716248,0.36472010612487793,-217.77670288085938,country
country.00077.au,91.16447448730469,0.9670951962471008,0.5905983448028564,-118.2135238647461,country
country.00097.au,112.61546325683594,0.8054761290550232,0.3866221606731415,-148.4047088623047,country
country.00002.au,163.64418029785156,1.257697582244873,0.4223935306072235,-120.69000244140625,country
country.00012.au,87.78321075439453,1.0709611177444458,0.5436592698097229,-140.99734497070312,country
country.00067.au,128.8186798095703,0.8183959722518921,0.4973556399345398,-328.79339599609375,country
country.00083.au,72.94097137451172,0.9626505374908447,0.47892260551452637,-148.53529357910156,country
country.00081.au,90.16498565673828,1.0343812704086304,0.5195947885513306,-74.12075805664062,country
country.00005.au,130.21705627441406,1.297453761100769,0.3901226818561554,-24.686296463012695,country
country.00062.au,178.20578002929688,1.0722649097442627,0.5206772089004517,-94.06793975830078,country
country.00049.au,114.22467041015625,0.9735828638076782,0.5754814147949219,-109.96021270751953,country
country.00007.au,100.91344451904297,1.1955492496490479,0.30142951011657715,-20.775875091552734,country
country.00063.au,83.9894027709961,1.0445146560668945,0.41620561480522156,-185.44705200195312,country
country.00093.au,85.96533203125,0.811931312084198,0.5208029747009277,-213.56748962402344,country
country.00050.au,117.52191925048828,0.927124559879303,0.42413535714149475,-143.0939483642578,country
country.00071.au,143.80039978027344,0.7991908192634583,0.5227317810058594,-185.83395385742188,country
country.00021.au,108.82484436035156,1.0091397762298584,0.46445873379707336,-209.4017791748047,country
country.00052.au,70.35465240478516,0.8184491395950317,0.2893263101577759,-265.2565002441406,country
country.00088.au,105.25621795654297,0.9389353394508362,0.4727289378643036,-121.92424774169922,country
country.00048.au,117.64622497558594,1.0176078081130981,0.47047942876815796,-148.98019409179688,country
country.00040.au,140.1522979736328,1.2068443298339844,0.49169009923934937,-102.88194274902344,country
country.00059.au,136.03237915039062,0.8881493806838989,0.355049192905426,-185.08914184570312,country
country.00061.au,120.90998840332031,0.8725430369377136,0.3962681293487549,-186.37599182128906,country
country.00053.au,178.2058868408203,1.150939702987671,0.5281050205230713,-84.7100830078125,country
country.00091.au,114.87200164794922,0.906270444393158,0.45788997411727905,-193.77113342285156,country
country.00030.au,155.6250457763672,0.8281059265136719,0.3289281725883484,-277.0812683105469,country
country.00001.au,129.01158142089844,1.3990511894226074,0.360751211643219,-7.974047660827637,country
country.00017.au,87.78688049316406,1.2597591876983643,0.4676092863082886,-171.31068420410156,country
country.00070.au,110.64769744873047,1.0479848384857178,0.42615699768066406,-99.29739379882812,country
country.00057.au,135.83058166503906,0.8864908814430237,0.474121630191803,-137.8525848388672,country
country.00019.au,84.19023132324219,0.8638898730278015,0.487184077501297,-256.04052734375,country
country.00046.au,155.27639770507812,1.0589338541030884,0.6004858613014221,-126.86660766601562,country
country.00037.au,98.08878326416016,0.8931416869163513,0.5164808630943298,-173.41986083984375,country
country.00025.au,71.38880920410156,0.8421286940574646,0.4504488408565521,-200.552734375,country
country.00068.au,83.7224349975586,1.0378727912902832,0.4543042480945587,-229.44383239746094,country
country.00044.au,77.86495208740234,0.8954953551292419,0.423982173204422,-162.71971130371094,country
country.00089.au,145.22283935546875,0.861240804195404,0.45339563488960266,-205.12327575683594,country
country.00076.au,144.92462158203125,0.949234664440155,0.5648239254951477,-183.93301391601562,country
country.00051.au,129.6472930908203,0.8429335355758667,0.33788761496543884,-204.68846130371094,country
disco.00058.au,131.44895935058594,1.8874168395996094,0.47243162989616394,-109.55976867675781,disco
disco.00035.au,122.04263305664062,1.3750931024551392,0.42383068799972534,-51.80162811279297,disco
disco.00056.au,88.2857437133789,1.3966010808944702,0.43824484944343567,-182.77354431152344,disco
disco.00020.au,162.3495330810547,1.2194372415542603,0.5382030010223389,-103.93074035644531,disco
disco.00088.au,123.95665740966797,1.7710480690002441,0.3526804447174072,-97.85472869873047,disco
disco.00050.au,109.55634307861328,1.2936972379684448,0.5304898023605347,-45.78397750854492,disco
disco.00083.au,116.97494506835938,1.3992382287979126,0.42608892917633057,-167.35243225097656,disco
disco.00027.au,110.7611083984375,1.587821364402771,0.2536478042602539,-155.76394653320312,disco
disco.00009.au,129.21566772460938,1.146010160446167,0.5776923298835754,-68.94266510009766,disco
disco.00017.au,123.54710388183594,1.7734966278076172,0.44369933009147644,-98.12886047363281,disco
disco.00028.au,122.46089172363281,1.3434592485427856,0.4860520660877228,-20.461654663085938,disco
disco.00001.au,117.35806274414062,1.395518183708191,0.5479275584220886,-28.90292739868164,disco
disco.00062.au,109.24391174316406,1.496306300163269,0.3186749219894409,-107.85015106201172,disco
disco.00098.au,122.4444808959961,1.5835679769515991,0.47300052642822266,-91.58158111572266,disco
disco.00019.au,117.2210922241211,1.1293365955352783,0.5060702562332153,-95.07728576660156,disco
disco.00005.au,108.37952423095703,1.2332324981689453,0.4739689826965332,-24.67606544494629,disco
disco.00039.au,110.21235656738281,1.042409896850586,0.3823094367980957,-107.36373138427734,disco
disco.00008.au,121.81246948242188,1.4290376901626587,0.4967285394668579,-32.43855285644531,disco
disco.00094.au,137.52008056640625,1.5946153402328491,0.30225297808647156,-129.98236083984375,disco
disco.00085.au,123.61610412597656,2.2551400661468506,0.30973803997039795,-166.74122619628906,disco
disco.00081.au,130.1063995361328,1.2597532272338867,0.4060479700565338,-193.19190979003906,disco
disco.00086.au,123.71656799316406,1.197520136833191,0.525575578212738,-95.82572937011719,disco
disco.00041.au,161.82456970214844,1.070103406906128,0.4156945049762726,-122.03421020507812,disco
disco.00046.au,122.64208984375,1.2953046560287476,0.45193561911582947,-125.66950225830078,disco
disco.00096.au,102.58404541015625,1.1194782257080078,0.48369404673576355,-133.8450927734375,disco
disco.00071.au,112.67810821533203,1.4103808403015137,0.4225764870643616,-105.48546600341797,disco
disco.00099.au,122.4444808959961,1.5835679769515991,0.47300052642822266,-91.58158111572266,disco
disco.00032.au,110.10907745361328,1.302024483680725,0.3833015561103821,-123.17083740234375,disco
disco.00075.au,132.495361328125,1.5765844583511353,0.43181198835372925,-91.72810363769531,disco
disco.00082.au,123.10159301757812,1.5236644744873047,0.43442633748054504,-63.6289176940918,disco
disco.00074.au,112.06239318847656,1.3247954845428467,0.5302722454071045,-40.734981536865234,disco
disco.00049.au,119.35234069824219,1.414745807647705,0.46287912130355835,-45.10124969482422,disco
disco.00072.au,136.3168487548828,1.213503360748291,0.46404436230659485,-128.43638610839844,disco
disco.00043.au,127.97377014160156,1.284426212310791,0.3954984247684479,-62.80619430541992,disco
disco.00078.au,128.2071990966797,1.1967631578445435,0.3978956937789917,-182.03317260742188,disco
disco.00073.au,113.96537017822266,1.321979284286499,0.5527738928794861,-95.22664642333984,disco
disco.00067.au,100.38104248046875,1.0614053010940552,0.6016108393669128,-103.73062896728516,disco
disco.00077.au,117.46078491210938,1.23651123046875,0.4055686891078949,-56.87672805786133,disco
disco.00034.au,130.07083129882812,1.139907717704773,0.5040584206581116,-65.76485443115234,disco
disco.00006.au,123.327392578125,1.5413504838943481,0.4877113699913025,-14.557193756103516,disco
disco.00044.au,123.1595687866211,1.3196927309036255,0.5932773947715759,-71.21774291992188,disco
disco.00013.au,89.41633605957031,1.3399940729141235,0.4255504310131073,-40.043392181396484,disco
disco.00012.au,112.35899353027344,1.2493952512741089,0.4402208924293518,-57.64800262451172,disco
disco.00068.au,106.87183380126953,1.4069141149520874,0.4565281867980957,-93.28997039794922,disco
disco.00037.au,129.5733184814453,1.2217235565185547,0.43041539192199707,-26.54230308532715,disco
disco.00045.au,122.94993591308594,1.0599256753921509,0.5010939240455627,-81.26971435546875,disco
disco.00080.au,98.02899932861328,1.4192898273468018,0.2608206272125244,-219.4333953857422,disco
disco.00070.au,109.47712707519531,1.418582558631897,0.5331487059593201,-81.70882415771484,disco
disco.00024.au,127.9620590209961,1.3979861736297607,0.42159485816955566,-69.58045959472656,disco
disco.00036.au,136.06051635742188,1.690596342086792,0.40036267042160034,-23.53544044494629,disco
disco.00055.au,129.85888671875,1.2122334241867065,0.41328558325767517,-103.09793090820312,disco
disco.00038.au,123.26094055175781,1.1422690153121948,0.5670925378799438,-77.36515045166016,disco
disco.00003.au,126.39170837402344,1.4898432493209839,0.33219054341316223,-44.22837829589844,disco
disco.00093.au,109.49275970458984,1.304948091506958,0.45179933309555054,-86.01158905029297,disco
disco.00010.au,106.95758819580078,1.2805551290512085,0.4172077178955078,-6.7661027908325195,disco
disco.00064.au,122.82007598876953,1.4050488471984863,0.29986312985420227,-189.1903839111328,disco
disco.00084.au,114.52462768554688,1.569456696510315,0.3654116988182068,-197.15020751953125,disco
disco.00048.au,101.1800308227539,1.369798183441162,0.4732479155063629,-104.99348449707031,disco
disco.00069.au,107.59239196777344,1.3274903297424316,0.41883543133735657,-118.33622741699219,disco
disco.00061.au,125.93612670898438,1.1819337606430054,0.42343875765800476,-91.86959075927734,disco
disco.00087.au,105.88731384277344,1.3029981851577759,0.5543804168701172,-100.27985382080078,disco
disco.00079.au,121.03875732421875,1.4337198734283447,0.29536303877830505,-154.59585571289062,disco
disco.00040.au,138.00927734375,1.6074776649475098,0.33059340715408325,-78.3234634399414,disco
disco.00021.au,109.69895935058594,1.4378492832183838,0.37549981474876404,-115.1029281616211,disco
disco.00059.au,125.38308715820312,1.2031222581863403,0.5274779200553894,-109.02607727050781,disco
disco.00026.au,119.30914306640625,1.251121997833252,0.4441065788269043,-68.06600952148438,disco
disco.00030.au,136.12374877929688,1.275746464729309,0.36084872484207153,-40.69689178466797,disco
disco.00060.au,129.59381103515625,1.3179165124893188,0.43529969453811646,-121.0730972290039,disco
disco.00092.au,114.8209457397461,1.124124526977539,0.3553673326969147,-123.75872039794922,disco
disco.00029.au,104.70108795166016,1.3460536003112793,0.5322700142860413,-58.98357009887695,disco
disco.00057.au,118.17530059814453,1.2603358030319214,0.5600894689559937,-143.18527221679688,disco
disco.00095.au,121.17205047607422,1.1489957571029663,0.40393882989883423,-159.90121459960938,disco
disco.00065.au,131.87168884277344,1.495843768119812,0.24587373435497284,-106.2295150756836,disco
disco.00066.au,133.2694091796875,1.3592314720153809,0.5390432476997375,-57.583045959472656,disco
disco.00042.au,106.00960540771484,1.064215898513794,0.5267882347106934,-62.2811164855957,disco
disco.00016.au,122.76532745361328,1.5594455003738403,0.4093989431858063,-35.99716567993164,disco
disco.00076.au,128.91644287109375,1.031481146812439,0.5903120040893555,-95.8537826538086,disco
disco.00025.au,124.16596221923828,1.3284295797348022,0.418832927942276,-124.17005920410156,disco
disco.00063.au,130.39666748046875,1.9171013832092285,0.1430979073047638,-51.7526741027832,disco
disco.00002.au,114.6230239868164,1.4177988767623901,0.3741759955883026,-53.15826416015625,disco
disco.00011.au,94.185546875,1.1352742910385132,0.409290611743927,-41.30328369140625,disco
disco.00089.au,129.1459197998047,1.2670291662216187,0.5220012664794922,-114.90947723388672,disco
disco.00004.au,120.78988647460938,1.2495648860931396,0.4656001329421997,-83.5569076538086,disco
disco.00090.au,128.4677276611328,1.4558099508285522,0.3371303677558899,-125.69165802001953,disco
disco.00018.au,124.04727935791016,1.259908676147461,0.5335834622383118,-73.14878845214844,disco
disco.00051.au,109.51868438720703,1.3382303714752197,0.5596909523010254,-77.1761703491211,disco
disco.00053.au,139.1260223388672,1.2852731943130493,0.3085719347000122,-108.48648071289062,disco
disco.00052.au,125.81654357910156,1.189758062362671,0.6381845474243164,-70.49725341796875,disco
disco.00022.au,118.6789779663086,1.4460036754608154,0.35301628708839417,-71.92192077636719,disco
disco.00031.au,123.71526336669922,1.0720672607421875,0.5872860550880432,-66.53754425048828,disco
disco.00000.au,117.27383422851562,1.2828037738800049,0.32453545928001404,-111.19105529785156,disco
disco.00007.au,129.30612182617188,1.5071148872375488,0.3597034215927124,-53.417545318603516,disco
disco.00033.au,127.5404052734375,1.103758454322815,0.47626858949661255,-57.771331787109375,disco
disco.00047.au,106.15898132324219,0.8494442105293274,0.5119979381561279,-280.8720397949219,disco
disco.00054.au,112.66451263427734,1.447634220123291,0.4038386046886444,-226.34011840820312,disco
disco.00014.au,103.64273071289062,1.6616132259368896,0.3950442373752594,-23.899438858032227,disco
disco.00015.au,122.12174987792969,1.2401056289672852,0.4420315623283386,-46.81560134887695,disco
disco.00097.au,130.30349731445312,1.9047435522079468,0.2313500940799713,-116.93782806396484,disco
disco.00091.au,100.04486846923828,1.282127857208252,0.2946108877658844,-116.94721984863281,disco
disco.00023.au,114.53984069824219,1.2818942070007324,0.5064595341682434,-32.143402099609375,disco
hiphop.00068.au,96.70646667480469,1.3797394037246704,0.2711281478404999,-66.04983520507812,hiphop
hiphop.00035.au,83.97154235839844,1.516090750694275,0.14989933371543884,-100.91156768798828,hiphop
hiphop.00096.au,108.06351470947266,1.2997841835021973,0.5159088373184204,-128.12351989746094,hiphop
hiphop.00079.au,104.43307495117188,1.253814697265625,0.5757893919944763,-79.72090148925781,hiphop
hiphop.00092.au,114.03386688232422,1.519139289855957,0.19863662123680115,-144.96224975585938,hiphop
hiphop.00010.au,95.80004119873047,1.7415601015090942,0.34382164478302,-67.4282455444336,hiphop
hiphop.00026.au,102.24652862548828,1.625558853149414,0.24403248727321625,-103.19652557373047,hiphop
hiphop.00023.au,93.85791778564453,1.2156016826629639,0.43245986104011536,-44.65066909790039,hiphop
hiphop.00057.au,110.3512191772461,1.9106183052062988,0.14479456841945648,-113.66375732421875,hiphop
hiphop.00065.au,96.14239501953125,1.3395283222198486,0.27007025480270386,-140.16848754882812,hiphop
hiphop.00078.au,97.85303497314453,1.2820147275924683,0.22081397473812103,-111.3294906616211,hiphop
hiphop.00005.au,71.11194610595703,1.5974156856536865,0.4167270064353943,-11.67771053314209,hiphop
hiphop.00001.au,91.12123107910156,1.4215753078460693,0.2022641897201538,-81.1132583618164,hiphop
hiphop.00004.au,96.85696411132812,1.2912859916687012,0.2137889266014099,-140.29830932617188,hiphop
hiphop.00070.au,96.17704772949219,1.545271635055542,0.21755710244178772,-81.69107055664062,hiphop
hiphop.00040.au,80.45844268798828,1.1735862493515015,0.25591132044792175,-185.24937438964844,hiphop
hiphop.00032.au,100.89436340332031,1.711708426475525,0.22085195779800415,-148.07508850097656,hiphop
hiphop.00047.au,97.11376190185547,1.472912311553955,0.20874768495559692,-76.6204605102539,hiphop
hiphop.00000.au,119.10790252685547,1.3566222190856934,0.5180065631866455,-80.90677642822266,hiphop
hiphop.00072.au,98.3005599975586,1.399381399154663,0.20351658761501312,-118.00933837890625,hiphop
hiphop.00093.au,117.62443542480469,1.5494425296783447,0.21284888684749603,-191.6087646484375,hiphop
hiphop.00027.au,91.09699249267578,1.3486056327819824,0.39596259593963623,-109.07469177246094,hiphop
hiphop.00006.au,99.87589263916016,1.245972752571106,0.31880250573158264,-59.63766098022461,hiphop
hiphop.00011.au,99.97113800048828,1.3027660846710205,0.358849436044693,-74.17560577392578,hiphop
hiphop.00024.au,101.73397064208984,1.499407172203064,0.46347278356552124,-63.003578186035156,hiphop
hiphop.00013.au,101.84750366210938,1.7219929695129395,0.48568442463874817,-129.3949737548828,hiphop
hiphop.00059.au,92.1365966796875,1.5678882598876953,0.15678058564662933,-133.25083923339844,hiphop
hiphop.00049.au,101.60968780517578,1.9479199647903442,0.24539822340011597,-44.522464752197266,hiphop
hiphop.00082.au,105.58104705810547,1.3992011547088623,0.2698736786842346,-122.76654052734375,hiphop
hiphop.00003.au,93.13381958007812,1.524855136871338,0.3749537467956543,-40.242069244384766,hiphop
hiphop.00063.au,93.75968933105469,1.4196070432662964,0.24878720939159393,-98.80726623535156,hiphop
hiphop.00009.au,102.431640625,1.1964902877807617,0.23822951316833496,-95.0602035522461,hiphop
hiphop.00043.au,90.10391998291016,1.6358323097229004,0.18883861601352692,-155.64208984375,hiphop
hiphop.00019.au,100.7470474243164,1.7407822608947754,0.3719210922718048,-64.6257553100586,hiphop
hiphop.00087.au,101.29296112060547,1.6157658100128174,0.12303982675075531,-168.32080078125,hiphop
hiphop.00048.au,96.48494720458984,1.4335014820098877,0.22110170125961304,-87.65594482421875,hiphop
hiphop.00061.au,93.12958526611328,1.637741208076477,0.22250163555145264,-127.29474639892578,hiphop
hiphop.00053.au,108.14142608642578,1.6443958282470703,0.3276974856853485,-144.95098876953125,hiphop
hiphop.00099.au,108.02021026611328,1.4548391103744507,0.2445603758096695,-138.7389373779297,hiphop
hiphop.00089.au,126.18055725097656,1.5075610876083374,0.3108067810535431,-103.09650421142578,hiphop
hiphop.00038.au,91.44136810302734,1.3573086261749268,0.4097205698490143,-62.804779052734375,hiphop
hiphop.00071.au,95.65032958984375,1.4155160188674927,0.24048170447349548,-78.68524169921875,hiphop
hiphop.00039.au,94.97419738769531,1.2216811180114746,0.43429213762283325,-121.61014556884766,hiphop
hiphop.00018.au,104.81855773925781,1.2837777137756348,0.37652525305747986,-113.46846008300781,hiphop
hiphop.00081.au,101.97559356689453,1.496671199798584,0.1676207184791565,-216.04287719726562,hiphop
hiphop.00076.au,97.85303497314453,1.2820147275924683,0.22081397473812103,-111.3294906616211,hiphop
hiphop.00045.au,94.97419738769531,1.2216811180114746,0.43429213762283325,-121.61014556884766,hiphop
hiphop.00036.au,116.56256103515625,1.1857718229293823,0.3036903440952301,-220.95327758789062,hiphop
hiphop.00069.au,101.68907165527344,1.5366222858428955,0.2396065592765808,-59.19512939453125,hiphop
hiphop.00044.au,117.5484390258789,0.9571490287780762,0.3434087336063385,-267.54949951171875,hiphop
hiphop.00007.au,122.41873931884766,1.441956877708435,0.32883694767951965,-58.45391082763672,hiphop
hiphop.00051.au,104.60999298095703,1.2765144109725952,0.30378255248069763,-78.68911743164062,hiphop
hiphop.00012.au,98.02750396728516,1.3487739562988281,0.41500428318977356,-67.07479095458984,hiphop
hiphop.00077.au,115.71207427978516,1.2927649021148682,0.48783373832702637,-25.82912254333496,hiphop
hiphop.00041.au,92.052734375,1.416803002357483,0.31227681040763855,-76.5794448852539,hiphop
hiphop.00094.au,148.2191925048828,1.6504195928573608,0.24701917171478271,-169.91725158691406,hiphop
hiphop.00056.au,100.86827850341797,2.6104073524475098,0.1753368079662323,-101.0567626953125,hiphop
hiphop.00085.au,110.84441375732422,1.6091891527175903,0.37098032236099243,-114.26826477050781,hiphop
hiphop.00008.au,166.3228759765625,1.0265347957611084,0.37157508730888367,-111.1395492553711,hiphop
hiphop.00020.au,116.27189636230469,1.2410109043121338,0.2547980546951294,-122.25047302246094,hiphop
hiphop.00083.au,104.04987335205078,1.4706796407699585,0.3438527286052704,-121.99200439453125,hiphop
hiphop.00050.au,98.14326477050781,1.4688918590545654,0.2462318390607834,-114.02207946777344,hiphop
hiphop.00034.au,98.64990234375,1.6244611740112305,0.47979453206062317,5.876529693603516,hiphop
hiphop.00067.au,96.99459075927734,1.3956630229949951,0.20062531530857086,-74.74090576171875,hiphop
hiphop.00073.au,92.47425079345703,1.1410324573516846,0.2734259366989136,-78.22314453125,hiphop
hiphop.00015.au,98.76261901855469,1.4428819417953491,0.4667786657810211,-81.8877944946289,hiphop
hiphop.00062.au,91.9189224243164,1.436268925666809,0.1973305642604828,-144.1038818359375,hiphop
hiphop.00022.au,100.92086791992188,1.2702322006225586,0.42880597710609436,-100.62901306152344,hiphop
hiphop.00052.au,104.86620330810547,2.2158524990081787,0.3252944052219391,-146.5487823486328,hiphop
hiphop.00058.au,90.88813781738281,1.5589914321899414,0.2998482584953308,-109.83052062988281,hiphop
hiphop.00033.au,97.40325927734375,1.3308767080307007,0.34985628724098206,-31.910781860351562,hiphop
hiphop.00088.au,116.17437744140625,1.5129778385162354,0.4323152005672455,-89.84166717529297,hiphop
hiphop.00028.au,89.33663940429688,1.374718189239502,0.49617353081703186,-83.17102813720703,hiphop
hiphop.00086.au,98.87161254882812,1.5761640071868896,0.17949537932872772,-198.94882202148438,hiphop
hiphop.00025.au,105.96251678466797,1.6109578609466553,0.28438863158226013,-44.34706115722656,hiphop
hiphop.00064.au,86.10881805419922,1.4286733865737915,0.2694961726665497,-82.40116882324219,hiphop
hiphop.00098.au,106.0674057006836,1.4969590902328491,0.2234930545091629,-129.91827392578125,hiphop
hiphop.00084.au,113.19815063476562,1.7652543783187866,0.23600825667381287,-214.28787231445312,hiphop
hiphop.00090.au,115.0820541381836,1.631367564201355,0.37400123476982117,-109.48310852050781,hiphop
hiphop.00075.au,91.76741027832031,1.3102903366088867,0.2475680410861969,-94.54397583007812,hiphop
hiphop.00031.au,100.8960952758789,1.5689259767532349,0.335461288690567,-25.081138610839844,hiphop
hiphop.00021.au,100.90299987792969,1.6835042238235474,0.42982053756713867,-27.604936599731445,hiphop
hiphop.00029.au,92.92216491699219,1.413470983505249,0.3446969985961914,-72.502197265625,hiphop
hiphop.00097.au,113.4034423828125,1.3739919662475586,0.3245560824871063,-111.16831970214844,hiphop
hiphop.00095.au,111.22539520263672,1.231600046157837,0.37299320101737976,-92.5551986694336,hiphop
hiphop.00017.au,97.56010437011719,1.7487469911575317,0.30614596605300903,-76.8055191040039,hiphop
hiphop.00055.au,81.98555755615234,1.4110127687454224,0.1977466493844986,-161.56602478027344,hiphop
hiphop.00042.au,91.05486297607422,1.3155795335769653,0.22090524435043335,-74.37279510498047,hiphop
hiphop.00016.au,100.8768081665039,1.7505005598068237,0.26145634055137634,-88.05587005615234,hiphop
hiphop.00066.au,91.99607849121094,1.4031312465667725,0.2586999237537384,-111.85811614990234,hiphop
hiphop.00054.au,112.04522705078125,2.0688424110412598,0.398824006319046,-104.69774627685547,hiphop
hiphop.00074.au,99.28873443603516,1.251983642578125,0.2586209177970886,-68.75566101074219,hiphop
hiphop.00030.au,89.57676696777344,2.469461679458618,0.3501570522785187,-23.767189025878906,hiphop
hiphop.00060.au,90.42760467529297,1.2821955680847168,0.1120777279138565,-153.4727020263672,hiphop
hiphop.00046.au,96.10147857666016,1.4917428493499756,0.2648695409297943,-75.64976501464844,hiphop
hiphop.00080.au,96.55394744873047,1.6355308294296265,0.5241586565971375,-63.98141098022461,hiphop
hiphop.00014.au,133.5691680908203,1.0935906171798706,0.4508605897426605,-51.250404357910156,hiphop
hiphop.00002.au,99.2527847290039,1.5257455110549927,0.4355693459510803,-202.87655639648438,hiphop
hiphop.00037.au,144.05105590820312,1.3252655267715454,0.31320199370384216,-96.66297149658203,hiphop
hiphop.00091.au,101.72931671142578,1.3855819702148438,0.3214682936668396,-105.54075622558594,hiphop
jazz.00062.au,150.43421936035156,0.9589828848838806,0.46029308438301086,-168.11578369140625,jazz
jazz.00097.au,95.09532928466797,0.9161068201065063,0.28181836009025574,-413.6011047363281,jazz
jazz.00027.au,141.3292236328125,0.9507841467857361,0.43642666935920715,-262.0820007324219,jazz
jazz.00000.au,118.13410949707031,0.9426717758178711,0.5159363746643066,-251.96730041503906,jazz
jazz.00035.au,91.18538665771484,0.8529897928237915,0.42749109864234924,-261.8555908203125,jazz
jazz.00056.au,124.81806945800781,1.3662796020507812,0.3164803385734558,-38.0157356262207,jazz
jazz.00079.au,108.51618194580078,1.2922803163528442,0.2853090465068817,-163.5201416015625,jazz
jazz.00023.au,172.265625,0.9902461767196655,0.3872523903846741,-188.07969665527344,jazz
jazz.00013.au,147.86399841308594,1.3587812185287476,0.35498180985450745,-217.62060546875,jazz
jazz.00051.au,94.5737075805664,0.8681636452674866,0.4573844075202942,-260.896240234375,jazz
jazz.00038.au,150.3070526123047,0.9589704275131226,0.4602130353450775,-179.56521606445312,jazz
jazz.00046.au,106.77802276611328,1.1751396656036377,0.45824408531188965,-204.18812561035156,jazz
jazz.00034.au,97.36558532714844,1.1932902336120605,0.4576486051082611,-146.3748321533203,jazz
jazz.00066.au,130.073486328125,1.0812363624572754,0.41750264167785645,-117.85912322998047,jazz
jazz.00068.au,146.95437622070312,0.8707422614097595,0.5292980074882507,-204.39749145507812,jazz
jazz.00064.au,101.7258071899414,1.593012809753418,0.3794308304786682,-69.50003814697266,jazz
jazz.00022.au,126.32833862304688,0.7524771094322205,0.36692577600479126,-298.8064880371094,jazz
jazz.00044.au,104.0019302368164,0.9396530389785767,0.40431922674179077,-247.05955505371094,jazz
jazz.00025.au,101.37149810791016,1.0585193634033203,0.39221465587615967,-237.6305694580078,jazz
jazz.00099.au,136.400634765625,1.0817086696624756,0.3153226971626282,-314.9903259277344,jazz
jazz.00045.au,120.22639465332031,0.8484651446342468,0.45873841643333435,-231.3142852783203,jazz
jazz.00019.au,118.17357635498047,0.9151027798652649,0.389556348323822,-267.259033203125,jazz
jazz.00007.au,90.68441772460938,0.8591419458389282,0.39275825023651123,-291.9832763671875,jazz
jazz.00084.au,123.54035949707031,0.9919095635414124,0.36918485164642334,-178.06411743164062,jazz
jazz.00048.au,129.5261993408203,1.0250858068466187,0.45968061685562134,-204.80780029296875,jazz
jazz.00047.au,105.00139617919922,1.0795056819915771,0.49201059341430664,-201.78688049316406,jazz
jazz.00010.au,117.78431701660156,0.7716382145881653,0.315767765045166,-318.79510498046875,jazz
jazz.00075.au,101.85688018798828,1.0697121620178223,0.4455406367778778,-78.18899536132812,jazz
jazz.00004.au,129.00302124023438,0.7849122881889343,0.31338000297546387,-270.2648010253906,jazz
jazz.00091.au,111.47528839111328,0.7689369916915894,0.3291091322898865,-299.3744812011719,jazz
jazz.00020.au,105.57036590576172,0.9232549667358398,0.46084892749786377,-376.686767578125,jazz
jazz.00076.au,87.11358642578125,0.9225907921791077,0.3932249844074249,-154.27825927734375,jazz
jazz.00058.au,123.80415344238281,1.3191853761672974,0.5941276550292969,-190.5308837890625,jazz
jazz.00055.au,142.87948608398438,0.8529866933822632,0.4274964928627014,-260.35992431640625,jazz
jazz.00016.au,147.18878173828125,0.7696175575256348,0.4374752342700958,-259.7989501953125,jazz
jazz.00072.au,106.77802276611328,1.1751389503479004,0.4582463502883911,-202.79177856445312,jazz
jazz.00090.au,135.86715698242188,0.9117876887321472,0.33036255836486816,-217.6250457763672,jazz
jazz.00005.au,108.7305679321289,1.0813416242599487,0.44786444306373596,-246.2917938232422,jazz
jazz.00094.au,120.11028289794922,0.9850223660469055,0.3322922885417938,-366.4161071777344,jazz
jazz.00060.au,96.90283203125,1.0859285593032837,0.4357633590698242,-190.38583374023438,jazz
jazz.00009.au,111.80857849121094,0.8788295388221741,0.27083370089530945,-296.6715393066406,jazz
jazz.00052.au,107.35639190673828,1.06391179561615,0.2562645673751831,-91.18650817871094,jazz
jazz.00030.au,111.668701171875,0.7979512810707092,0.4100129306316376,-318.9072265625,jazz
jazz.00039.au,99.0126724243164,0.9747102856636047,0.4335879981517792,-237.2360382080078,jazz
jazz.00036.au,123.80415344238281,1.3192001581192017,0.5941129326820374,-196.82969665527344,jazz
jazz.00021.au,122.69326782226562,1.0948622226715088,0.5358290076255798,-174.6708526611328,jazz
jazz.00092.au,82.95494842529297,0.8369775414466858,0.21102429926395416,-294.19390869140625,jazz
jazz.00037.au,96.90768432617188,1.0859116315841675,0.4356999099254608,-198.45472717285156,jazz
jazz.00073.au,115.09255981445312,1.1267831325531006,0.5634204149246216,-84.02349853515625,jazz
jazz.00078.au,163.19515991210938,1.0394322872161865,0.4029958248138428,-141.49746704101562,jazz
jazz.00093.au,83.45531463623047,0.9248592257499695,0.38097894191741943,-215.37054443359375,jazz
jazz.00015.au,117.14097595214844,1.1151978969573975,0.5027382373809814,-199.99658203125,jazz
jazz.00049.au,89.14085388183594,0.9131565093994141,0.41044220328330994,-165.43951416015625,jazz
jazz.00067.au,99.09449768066406,0.9660584330558777,0.5768036246299744,-177.26675415039062,jazz
jazz.00096.au,133.08917236328125,0.9012013077735901,0.343860000371933,-277.2350158691406,jazz
jazz.00095.au,119.40489959716797,1.073908805847168,0.36695200204849243,-219.73870849609375,jazz
jazz.00085.au,155.39295959472656,0.9398507475852966,0.46859288215637207,-131.90756225585938,jazz
jazz.00001.au,139.11636352539062,0.7918933033943176,0.4686167538166046,-345.7331848144531,jazz
jazz.00006.au,133.03204345703125,0.9039287567138672,0.4102136790752411,-234.33340454101562,jazz
jazz.00050.au,154.01312255859375,1.5235764980316162,0.26454049348831177,-55.165470123291016,jazz
jazz.00081.au,116.35481262207031,1.251857042312622,0.283846914768219,-228.338623046875,jazz
jazz.00017.au,103.51038360595703,1.3463809490203857,0.3941464424133301,-233.0727081298828,jazz
jazz.00031.au,117.0925521850586,1.0800954103469849,0.4672444462776184,-237.48268127441406,jazz
jazz.00089.au,110.7490463256836,0.8349213004112244,0.2386532574892044,-322.4796142578125,jazz
jazz.00012.au,112.56148529052734,1.135352611541748,0.4370937645435333,-253.2187042236328,jazz
jazz.00061.au,178.20584106445312,1.4773775339126587,0.3384000360965729,-23.215232849121094,jazz
jazz.00077.au,89.83728790283203,1.048522710800171,0.5032647848129272,-77.06422424316406,jazz
jazz.00069.au,152.2450714111328,0.976085901260376,0.5435441136360168,-159.257080078125,jazz
jazz.00070.au,104.08857727050781,0.9396185278892517,0.40441834926605225,-238.02061462402344,jazz
jazz.00071.au,120.22639465332031,0.8484587073326111,0.4587439298629761,-228.43353271484375,jazz
jazz.00065.au,99.0126724243164,0.9747138619422913,0.43360236287117004,-235.68170166015625,jazz
jazz.00032.au,128.9803924560547,1.0634218454360962,0.41162818670272827,-305.4762268066406,jazz
jazz.00003.au,117.01466369628906,0.8642237782478333,0.35667043924331665,-297.2151184082031,jazz
jazz.00043.au,152.2450714111328,0.9760749936103821,0.5434474945068359,-173.26463317871094,jazz
jazz.00014.au,126.93017578125,0.7492876648902893,0.3766677677631378,-358.3058776855469,jazz
jazz.00083.au,108.19068908691406,1.0679020881652832,0.41595152020454407,-125.98331451416016,jazz
jazz.00040.au,99.09449768066406,0.966077446937561,0.5767973065376282,-179.76763916015625,jazz
jazz.00063.au,120.82855224609375,1.2110453844070435,0.48646214604377747,-51.31698226928711,jazz
jazz.00033.au,94.5737075805664,0.8681602478027344,0.4573691785335541,-261.7908630371094,jazz
jazz.00057.au,93.79350280761719,0.8465486764907837,0.4287510812282562,-248.10287475585938,jazz
jazz.00054.au,163.35958862304688,1.2031489610671997,0.3042055666446686,-111.56727600097656,jazz
jazz.00018.au,101.87687683105469,1.081539273262024,0.3980669379234314,-192.09593200683594,jazz
jazz.00024.au,106.32102966308594,1.024205207824707,0.49947574734687805,-202.580078125,jazz
jazz.00082.au,98.34413146972656,1.1082899570465088,0.4946061074733734,-158.18072509765625,jazz
jazz.00059.au,106.00017547607422,1.0935418605804443,0.27131396532058716,-179.35719299316406,jazz
jazz.00053.au,97.36558532714844,1.1932145357131958,0.4577537477016449,-141.0611572265625,jazz
